<keymap version="1" name="XWin Jose" parent="Default for XWin">
  <action id="CloseAllEditors">
    <keyboard-shortcut first-keystroke="shift ctrl alt f12" />
  </action>
  <action id="CopyReference" />
  <action id="EditorToggleColumnMode">
    <keyboard-shortcut first-keystroke="shift ctrl alt c" />
  </action>
  <action id="Javascript.Linters.EsLint.Fix">
    <keyboard-shortcut first-keystroke="shift ctrl alt o" />
  </action>
  <action id="MoveTabRight">
    <keyboard-shortcut first-keystroke="shift alt f2" />
  </action>
  <action id="NewDir">
    <keyboard-shortcut first-keystroke="shift alt d" />
  </action>
  <action id="NewTypeScriptFile">
    <keyboard-shortcut first-keystroke="shift alt n" />
  </action>
  <action id="hg4idea.QFold" />
  <action id="tasks.goto" />
</keymap>