<code_scheme name="rafa-std" version="173">
  <option name="WRAP_WHEN_TYPING_REACHES_RIGHT_MARGIN" value="true" />
  <option name="ALIGN_GROUP_FIELD_DECLARATIONS" value="true" />
  <HoconCodeStyleSettings>
    <option name="OBJECTS_ALIGN_WHEN_MULTILINE" value="true" />
    <option name="LISTS_ALIGN_WHEN_MULTILINE" value="true" />
  </HoconCodeStyleSettings>
  <JSCodeStyleSettings version="0">
    <option name="ALIGN_VAR_STATEMENTS" value="2" />
    <option name="OBJECT_LITERAL_WRAP" value="1" />
  </JSCodeStyleSettings>
  <MarkdownNavigatorCodeStyleSettings>
    <option name="RIGHT_MARGIN" value="72" />
  </MarkdownNavigatorCodeStyleSettings>
  <PHPCodeStyleSettings>
    <option name="ALIGN_KEY_VALUE_PAIRS" value="true" />
    <option name="ALIGN_PHPDOC_PARAM_NAMES" value="true" />
    <option name="ALIGN_PHPDOC_COMMENTS" value="true" />
    <option name="ALIGN_ASSIGNMENTS" value="true" />
    <option name="COMMA_AFTER_LAST_ARRAY_ELEMENT" value="true" />
    <option name="PHPDOC_BLANK_LINES_AROUND_PARAMETERS" value="true" />
    <option name="PHPDOC_WRAP_LONG_LINES" value="true" />
    <option name="LOWER_CASE_BOOLEAN_CONST" value="true" />
    <option name="LOWER_CASE_NULL_CONST" value="true" />
    <option name="VARIABLE_NAMING_STYLE" value="CAMEL_CASE" />
    <option name="BLANK_LINES_BEFORE_RETURN_STATEMENT" value="1" />
    <option name="KEEP_RPAREN_AND_LBRACE_ON_ONE_LINE" value="true" />
    <option name="ALIGN_CLASS_CONSTANTS" value="true" />
    <option name="KEEP_BLANK_LINES_AFTER_LBRACE" value="0" />
    <option name="FORCE_SHORT_DECLARATION_ARRAY_STYLE" value="true" />
    <option name="SPACE_AROUND_ASSIGNMENT_IN_DECLARE" value="true" />
    <option name="NAMESPACE_BRACE_STYLE" value="2" />
    <option name="PLACE_PARENS_FOR_CONSTRUCTOR" value="1" />
  </PHPCodeStyleSettings>
  <Properties>
    <option name="SPACES_AROUND_KEY_VALUE_DELIMITER" value="true" />
    <option name="KEEP_BLANK_LINES" value="true" />
  </Properties>
  <ScalaCodeStyleSettings>
    <option name="importLayout">
      <array>
        <option value="java" />
        <option value="_______ blank line _______" />
        <option value="scala" />
        <option value="_______ blank line _______" />
        <option value="play" />
        <option value="_______ blank line _______" />
        <option value="all other imports" />
        <option value="_______ blank line _______" />
        <option value="com.letgo" />
      </array>
    </option>
    <option name="sortAsScalastyle" value="true" />
    <option name="PLACE_SELF_TYPE_ON_NEW_LINE" value="false" />
    <option name="DO_NOT_INDENT_TUPLES_CLOSE_BRACE" value="false" />
    <option name="ALIGN_TUPLE_ELEMENTS" value="true" />
    <option name="FORMATTER" value="1" />
    <option name="INDENT_BRACED_FUNCTION_ARGS" value="false" />
    <option name="USE_SCALADOC2_FORMATTING" value="false" />
    <option name="CALL_PARAMETERS_NEW_LINE_AFTER_LPAREN" value="1" />
    <option name="ENABLE_SCALADOC_FORMATTING" value="false" />
  </ScalaCodeStyleSettings>
  <SqlCodeStyleSettings version="5">
    <option name="IDENTIFIER_CASE" value="1" />
    <option name="TYPE_CASE" value="2" />
    <option name="CUSTOM_TYPE_CASE" value="2" />
    <option name="ALIAS_CASE" value="4" />
    <option name="BUILT_IN_CASE" value="0" />
    <option name="QUOTED_IDENTIFIER_CASE" value="1" />
    <option name="QUOTE_IDENTIFIER" value="1" />
    <option name="QUERY_TRUE_INDENT" value="false" />
    <option name="QUERY_ALIGN_ELEMENTS" value="false" />
    <option name="QUERY_ALIGN_LINE_COMMENTS" value="false" />
    <option name="INSERT_EL_COMMA" value="2" />
    <option name="SET_EL_WRAP" value="0" />
    <option name="SET_EL_COMMA" value="0" />
    <option name="WITH_EL_WRAP" value="0" />
    <option name="WITH_EL_COMMA" value="0" />
    <option name="SELECT_EL_WRAP" value="0" />
    <option name="SELECT_EL_COMMA" value="2" />
    <option name="FROM_EL_WRAP" value="0" />
    <option name="FROM_EL_COMMA" value="2" />
    <option name="FROM_PLACE_ON" value="10" />
    <option name="WHERE_EL_WRAP" value="0" />
    <option name="WHERE_EL_BOUND" value="2" />
    <option name="ORDER_EL_WRAP" value="0" />
    <option name="ORDER_EL_COMMA" value="2" />
    <option name="TABLE_OPENING" value="1" />
    <option name="TABLE_CONTENT" value="2" />
    <option name="TABLE_CLOSING" value="3" />
    <option name="TABLE_TYPES_ALIGN" value="false" />
    <option name="TABLE_DEFAULTS_ALIGN" value="false" />
    <option name="TABLE_NULLABILITIES_ALIGN" value="false" />
    <option name="TABLE_ALTER_INSTRUCTION_ALIGN" value="false" />
    <option name="POST_OPT_WRAP_1" value="true" />
    <option name="POST_OPT_ALIGN" value="false" />
    <option name="ROUTINE_ARG_WRAP" value="0" />
    <option name="ROUTINE_ARG_COMMA" value="2" />
    <option name="ROUTINE_ARG_ALIGN_TYPES" value="true" />
    <option name="IMP_DECLARE_EL_WRAP" value="1" />
    <option name="IMP_IF_THEN_WRAP_THEN" value="true" />
    <option name="CORTEGE_SPACE_BEFORE_L_PAREN" value="false" />
    <option name="EXPR_CASE_WHEN_WRAP" value="false" />
    <option name="EXPR_CASE_THEN_WRAP" value="true" />
    <option name="PRIMARY_KEY_NAME_TEMPLATE" value="{table}_{columns}_pk" />
    <option name="SUBQUERY_L_PAR_NL_INSIDE" value="true" />
    <option name="ALIGN_TYPE_IN_CREATE_STATEMENT" value="false" />
    <option name="NEW_LINE_BEFORE_QUERY_INSIDE_PARENTHESIS" value="true" />
    <option name="NEW_LINE_BEFORE_QUERY_INSIDE_DML" value="true" />
    <option name="WRAP_INSIDE_SELECT" value="5" />
    <option name="WRAP_INSIDE_JOIN_EXPRESSION" value="5" />
    <option name="WRAP_INSIDE_GROUP_BY" value="5" />
    <option name="WRAP_INSIDE_WHERE" value="5" />
    <option name="WRAP_INSIDE_ORDER_BY" value="5" />
    <option name="WRAP_INSIDE_SET" value="5" />
    <option name="WRAP_INSIDE_ARGUMENT_DEFINITION" value="5" />
    <option name="WRAP_INSIDE_CALL_EXPRESSION" value="5" />
    <option name="WRAP_INSIDE_VALUES_EXPRESSION" value="5" />
    <option name="WRAP_VALUES_EXPRESSION" value="5" />
    <option name="WRAP_PARENTHESIZED_EXPRESSION_INSIDE_VALUES" value="5" />
  </SqlCodeStyleSettings>
  <TypeScriptCodeStyleSettings version="0">
    <option name="FORCE_SEMICOLON_STYLE" value="true" />
    <option name="USE_DOUBLE_QUOTES" value="false" />
    <option name="FORCE_QUOTE_STYlE" value="true" />
    <option name="SPACES_WITHIN_IMPORTS" value="true" />
  </TypeScriptCodeStyleSettings>
  <XML>
    <option name="XML_SPACE_INSIDE_EMPTY_TAG" value="true" />
  </XML>
  <yaml>
    <option name="SEQUENCE_ON_NEW_LINE" value="true" />
  </yaml>
  <codeStyleSettings language="Groovy">
    <option name="ALIGN_MULTILINE_CHAINED_METHODS" value="true" />
    <option name="ALIGN_MULTILINE_PARAMETERS_IN_CALLS" value="true" />
    <option name="ALIGN_MULTILINE_BINARY_OPERATION" value="true" />
    <option name="ALIGN_MULTILINE_ASSIGNMENT" value="true" />
    <option name="ALIGN_MULTILINE_TERNARY_OPERATION" value="true" />
    <option name="ALIGN_MULTILINE_THROWS_LIST" value="true" />
    <option name="ALIGN_THROWS_KEYWORD" value="true" />
    <option name="ALIGN_MULTILINE_EXTENDS_LIST" value="true" />
    <option name="ALIGN_MULTILINE_METHOD_BRACKETS" value="true" />
    <option name="ALIGN_GROUP_FIELD_DECLARATIONS" value="true" />
  </codeStyleSettings>
  <codeStyleSettings language="JavaScript">
    <option name="KEEP_FIRST_COLUMN_COMMENT" value="false" />
    <option name="KEEP_BLANK_LINES_IN_CODE" value="1" />
    <option name="ALIGN_MULTILINE_CHAINED_METHODS" value="true" />
    <option name="ALIGN_MULTILINE_PARAMETERS_IN_CALLS" value="true" />
    <option name="ALIGN_MULTILINE_BINARY_OPERATION" value="true" />
    <option name="ALIGN_MULTILINE_TERNARY_OPERATION" value="true" />
    <option name="ALIGN_MULTILINE_ARRAY_INITIALIZER_EXPRESSION" value="true" />
    <option name="CALL_PARAMETERS_WRAP" value="5" />
    <option name="PREFER_PARAMETERS_WRAP" value="true" />
    <option name="CALL_PARAMETERS_LPAREN_ON_NEXT_LINE" value="true" />
    <option name="CALL_PARAMETERS_RPAREN_ON_NEXT_LINE" value="true" />
    <option name="METHOD_PARAMETERS_WRAP" value="5" />
    <option name="METHOD_PARAMETERS_LPAREN_ON_NEXT_LINE" value="true" />
    <option name="METHOD_PARAMETERS_RPAREN_ON_NEXT_LINE" value="true" />
    <option name="METHOD_CALL_CHAIN_WRAP" value="5" />
    <option name="PARENTHESES_EXPRESSION_LPAREN_WRAP" value="true" />
    <option name="BINARY_OPERATION_WRAP" value="5" />
    <option name="TERNARY_OPERATION_WRAP" value="5" />
    <option name="ARRAY_INITIALIZER_WRAP" value="5" />
    <option name="ARRAY_INITIALIZER_LBRACE_ON_NEXT_LINE" value="true" />
    <option name="ARRAY_INITIALIZER_RBRACE_ON_NEXT_LINE" value="true" />
    <option name="ASSIGNMENT_WRAP" value="1" />
    <option name="WRAP_COMMENTS" value="true" />
    <option name="IF_BRACE_FORCE" value="3" />
    <option name="DOWHILE_BRACE_FORCE" value="3" />
    <option name="WHILE_BRACE_FORCE" value="3" />
    <option name="FOR_BRACE_FORCE" value="3" />
  </codeStyleSettings>
  <codeStyleSettings language="PHP">
    <option name="KEEP_FIRST_COLUMN_COMMENT" value="false" />
    <option name="KEEP_BLANK_LINES_IN_DECLARATIONS" value="0" />
    <option name="KEEP_BLANK_LINES_IN_CODE" value="1" />
    <option name="KEEP_BLANK_LINES_BEFORE_RBRACE" value="0" />
    <option name="BLANK_LINES_AFTER_PACKAGE" value="1" />
    <option name="ALIGN_MULTILINE_PARAMETERS_IN_CALLS" value="true" />
    <option name="ALIGN_MULTILINE_BINARY_OPERATION" value="true" />
    <option name="ALIGN_MULTILINE_ARRAY_INITIALIZER_EXPRESSION" value="true" />
    <option name="SPACE_AFTER_TYPE_CAST" value="true" />
    <option name="CALL_PARAMETERS_WRAP" value="5" />
    <option name="CALL_PARAMETERS_LPAREN_ON_NEXT_LINE" value="true" />
    <option name="CALL_PARAMETERS_RPAREN_ON_NEXT_LINE" value="true" />
    <option name="METHOD_PARAMETERS_WRAP" value="5" />
    <option name="METHOD_PARAMETERS_LPAREN_ON_NEXT_LINE" value="true" />
    <option name="METHOD_PARAMETERS_RPAREN_ON_NEXT_LINE" value="true" />
    <option name="METHOD_CALL_CHAIN_WRAP" value="5" />
    <option name="BINARY_OPERATION_WRAP" value="5" />
    <option name="TERNARY_OPERATION_WRAP" value="1" />
    <option name="FOR_STATEMENT_WRAP" value="5" />
    <option name="ARRAY_INITIALIZER_WRAP" value="5" />
    <option name="ARRAY_INITIALIZER_LBRACE_ON_NEXT_LINE" value="true" />
    <option name="ARRAY_INITIALIZER_RBRACE_ON_NEXT_LINE" value="true" />
    <option name="ASSIGNMENT_WRAP" value="1" />
    <option name="IF_BRACE_FORCE" value="3" />
    <option name="DOWHILE_BRACE_FORCE" value="3" />
    <option name="WHILE_BRACE_FORCE" value="3" />
    <option name="FOR_BRACE_FORCE" value="3" />
    <option name="WRAP_ON_TYPING" value="0" />
    <arrangement>
      <groups />
      <rules>
        <section>
          <rule>
            <match>
              <CONST>true</CONST>
            </match>
          </rule>
        </section>
        <section>
          <rule>
            <match>
              <AND>
                <FIELD>true</FIELD>
                <PRIVATE>true</PRIVATE>
                <STATIC>true</STATIC>
              </AND>
            </match>
          </rule>
        </section>
        <section>
          <rule>
            <match>
              <AND>
                <FIELD>true</FIELD>
                <modifiers />
              </AND>
            </match>
          </rule>
        </section>
        <section>
          <rule>
            <match>
              <CONSTRUCTOR>true</CONSTRUCTOR>
            </match>
          </rule>
        </section>
        <section>
          <rule>
            <match>
              <AND>
                <ABSTRACT>true</ABSTRACT>
                <METHOD>true</METHOD>
                <visibility />
              </AND>
            </match>
          </rule>
        </section>
        <section>
          <rule>
            <match>
              <AND>
                <METHOD>true</METHOD>
                <NAME>setUp</NAME>
                <PROTECTED>true</PROTECTED>
              </AND>
            </match>
          </rule>
        </section>
        <section>
          <rule>
            <match>
              <AND>
                <METHOD>true</METHOD>
                <NAME>tearDown</NAME>
                <PROTECTED>true</PROTECTED>
              </AND>
            </match>
          </rule>
        </section>
        <section>
          <rule>
            <match>
              <AND>
                <METHOD>true</METHOD>
                <NAME>name</NAME>
                <PUBLIC>true</PUBLIC>
                <STATIC>true</STATIC>
              </AND>
            </match>
          </rule>
        </section>
        <section>
          <rule>
            <match>
              <AND>
                <METHOD>true</METHOD>
                <NAME>eventName</NAME>
                <PUBLIC>true</PUBLIC>
                <STATIC>true</STATIC>
              </AND>
            </match>
          </rule>
        </section>
        <section>
          <rule>
            <match>
              <AND>
                <METHOD>true</METHOD>
                <NAME>rules</NAME>
                <PROTECTED>true</PROTECTED>
              </AND>
            </match>
          </rule>
        </section>
        <section>
          <rule>
            <match>
              <AND>
                <METHOD>true</METHOD>
                <NAME>errorCode</NAME>
                <PUBLIC>true</PUBLIC>
              </AND>
            </match>
          </rule>
        </section>
        <section>
          <rule>
            <match>
              <AND>
                <METHOD>true</METHOD>
                <NAME>errorMessage</NAME>
                <PROTECTED>true</PROTECTED>
              </AND>
            </match>
          </rule>
        </section>
        <section>
          <rule>
            <match>
              <AND>
                <METHOD>true</METHOD>
                <NAME>create</NAME>
                <PUBLIC>true</PUBLIC>
                <STATIC>true</STATIC>
              </AND>
            </match>
          </rule>
        </section>
        <section>
          <rule>
            <match>
              <AND>
                <METHOD>true</METHOD>
                <NAME>type</NAME>
                <PROTECTED>true</PROTECTED>
              </AND>
            </match>
          </rule>
        </section>
        <section>
          <rule>
            <match>
              <AND>
                <METHOD>true</METHOD>
                <NAME>exceptions</NAME>
                <PROTECTED>true</PROTECTED>
              </AND>
            </match>
          </rule>
        </section>
        <section>
          <rule>
            <match>
              <AND>
                <METHOD>true</METHOD>
                <PUBLIC>true</PUBLIC>
              </AND>
            </match>
          </rule>
        </section>
        <section>
          <rule>
            <match>
              <AND>
                <METHOD>true</METHOD>
                <PROTECTED>true</PROTECTED>
              </AND>
            </match>
          </rule>
        </section>
        <section>
          <rule>
            <match>
              <AND>
                <METHOD>true</METHOD>
                <PRIVATE>true</PRIVATE>
              </AND>
            </match>
          </rule>
        </section>
        <section>
          <rule>
            <match>
              <AND>
                <METHOD>true</METHOD>
                <NAME>random</NAME>
                <PUBLIC>true</PUBLIC>
                <STATIC>true</STATIC>
              </AND>
            </match>
          </rule>
        </section>
        <section>
          <rule>
            <match>
              <AND>
                <METHOD>true</METHOD>
                <NAME>creator</NAME>
                <PRIVATE>true</PRIVATE>
                <STATIC>true</STATIC>
              </AND>
            </match>
          </rule>
        </section>
        <section>
          <rule>
            <match>
              <AND>
                <METHOD>true</METHOD>
                <PRIVATE>true</PRIVATE>
                <STATIC>true</STATIC>
              </AND>
            </match>
          </rule>
        </section>
        <section>
          <rule>
            <match>
              <AND>
                <METHOD>true</METHOD>
                <NAME>__toString</NAME>
                <PUBLIC>true</PUBLIC>
              </AND>
            </match>
          </rule>
        </section>
        <section>
          <rule>
            <match>
              <TRAIT>true</TRAIT>
            </match>
          </rule>
        </section>
        <section>
          <rule>
            <match>
              <INTERFACE>true</INTERFACE>
            </match>
          </rule>
        </section>
        <section>
          <rule>
            <match>
              <CLASS>true</CLASS>
            </match>
          </rule>
        </section>
      </rules>
    </arrangement>
  </codeStyleSettings>
  <codeStyleSettings language="Properties">
    <option name="ALIGN_GROUP_FIELD_DECLARATIONS" value="true" />
  </codeStyleSettings>
  <codeStyleSettings language="Scala">
    <option name="KEEP_LINE_BREAKS" value="false" />
    <option name="INDENT_CASE_FROM_SWITCH" value="false" />
    <option name="SPECIAL_ELSE_IF_TREATMENT" value="false" />
    <option name="ALIGN_MULTILINE_CHAINED_METHODS" value="true" />
    <option name="ALIGN_MULTILINE_PARAMETERS" value="false" />
    <option name="ALIGN_MULTILINE_FOR" value="false" />
    <option name="ALIGN_GROUP_FIELD_DECLARATIONS" value="true" />
    <option name="CALL_PARAMETERS_WRAP" value="5" />
    <option name="METHOD_PARAMETERS_WRAP" value="5" />
    <option name="METHOD_PARAMETERS_LPAREN_ON_NEXT_LINE" value="true" />
    <option name="METHOD_PARAMETERS_RPAREN_ON_NEXT_LINE" value="true" />
    <option name="METHOD_CALL_CHAIN_WRAP" value="5" />
  </codeStyleSettings>
  <codeStyleSettings language="TypeScript">
    <option name="KEEP_BLANK_LINES_IN_CODE" value="1" />
    <option name="CATCH_ON_NEW_LINE" value="true" />
    <option name="CALL_PARAMETERS_WRAP" value="5" />
    <option name="CALL_PARAMETERS_LPAREN_ON_NEXT_LINE" value="true" />
    <option name="CALL_PARAMETERS_RPAREN_ON_NEXT_LINE" value="true" />
    <option name="METHOD_CALL_CHAIN_WRAP" value="5" />
    <option name="ARRAY_INITIALIZER_WRAP" value="5" />
    <option name="ARRAY_INITIALIZER_LBRACE_ON_NEXT_LINE" value="true" />
    <option name="ARRAY_INITIALIZER_RBRACE_ON_NEXT_LINE" value="true" />
    <option name="IF_BRACE_FORCE" value="3" />
    <indentOptions>
      <option name="INDENT_SIZE" value="2" />
      <option name="CONTINUATION_INDENT_SIZE" value="2" />
      <option name="TAB_SIZE" value="2" />
    </indentOptions>
  </codeStyleSettings>
  <codeStyleSettings language="go">
    <indentOptions>
      <option name="SMART_TABS" value="true" />
    </indentOptions>
  </codeStyleSettings>
</code_scheme>