<application>
  <component name="DefaultFont">
    <option name="FONT_SIZE" value="16" />
    <option name="FONT_FAMILY" value="Cascadia Code PL" />
    <option name="FONT_REGULAR_SUB_FAMILY" value="Roman" />
    <option name="FONT_BOLD_SUB_FAMILY" value="Roman" />
    <option name="LINE_SPACING" value="1.6" />
    <option name="USE_LIGATURES" value="true" />
  </component>
  <component name="EditorSettings">
    <option name="STRIP_TRAILING_SPACES" value="Whole" />
    <option name="IS_ENSURE_NEWLINE_AT_EOF" value="true" />
    <option name="IS_WHITESPACES_SHOWN" value="true" />
  </component>
</application>